timestamp,transaction_id,amount,category
2026-01-01 00:00:00,TX_000000,334.63,Транспорт
2026-01-01 01:00:00,TX_000001,1605.06,АЗС
2026-01-01 02:00:00,TX_000002,758.37,АЗС
2026-01-01 03:00:00,TX_000003,556.47,Транспорт
2026-01-01 04:00:00,TX_000004,184.81,АЗС
2026-01-01 05:00:00,TX_000005,184.8,Супермаркеты
2026-01-01 06:00:00,TX_000006,129.92,Супермаркеты
2026-01-01 07:00:00,TX_000007,1105.62,Транспорт
2026-01-01 08:00:00,TX_000008,559.54,Аптеки
2026-01-01 09:00:00,TX_000009,715.63,Кафе
2026-01-01 10:00:00,TX_000010,110.4,Аптеки
2026-01-01 11:00:00,TX_000011,1851.78,АЗС
2026-01-01 12:00:00,TX_000012,993.21,Кафе
2026-01-01 13:00:00,TX_000013,219.34,Транспорт
2026-01-01 14:00:00,TX_000014,200.34,Транспорт
2026-01-01 15:00:00,TX_000015,201.31,Кафе
2026-01-01 16:00:00,TX_000016,281.38,Супермаркеты
2026-01-01 17:00:00,TX_000017,471.96,Кафе
2026-01-01 18:00:00,TX_000018,382.77,АЗС
2026-01-01 19:00:00,TX_000019,272.11,Супермаркеты
2026-01-01 20:00:00,TX_000020,573.19,Транспорт
2026-01-01 21:00:00,TX_000021,175.12,Кафе
2026-01-01 22:00:00,TX_000022,272.76,Аптеки
2026-01-01 23:00:00,TX_000023,328.14,Аптеки
2026-01-02 00:00:00,TX_000024,404.47,АЗС
2026-01-02 01:00:00,TX_000025,868.97,Аптеки
2026-01-02 02:00:00,TX_000026,211.37,Кафе
2026-01-02 03:00:00,TX_000027,461.01,Кафе
2026-01-02 04:00:00,TX_000028,144884.6,Аптеки
2026-01-02 05:00:00,TX_000029,123.78,Кафе
2026-01-02 06:00:00,TX_000030,567.67,АЗС
2026-01-02 07:00:00,TX_000031,193.48,Супермаркеты
2026-01-02 08:00:00,TX_000032,133.63,АЗС
2026-01-02 09:00:00,TX_000033,1586.84,АЗС
2026-01-02 10:00:00,TX_000034,1785.32,Кафе
2026-01-02 11:00:00,TX_000035,926.17,Супермаркеты
2026-01-02 12:00:00,TX_000036,281.64,Кафе
2026-01-02 13:00:00,TX_000037,151.39,Транспорт
2026-01-02 14:00:00,TX_000038,676.38,Кафе
2026-01-02 15:00:00,TX_000039,390.05,Кафе
2026-01-02 16:00:00,TX_000040,165.08,Кафе
2026-01-02 17:00:00,TX_000041,441.77,Супермаркеты
2026-01-02 18:00:00,TX_000042,117.5,Кафе
2026-01-02 19:00:00,TX_000043,1300.21,Супермаркеты
2026-01-02 20:00:00,TX_000044,249.73,Аптеки
2026-01-02 21:00:00,TX_000045,643.13,Транспорт
2026-01-02 22:00:00,TX_000046,286.77,Супермаркеты
2026-01-02 23:00:00,TX_000047,467.06,Аптеки
2026-01-03 00:00:00,TX_000048,495.61,Супермаркеты
2026-01-03 01:00:00,TX_000049,202.19,Супермаркеты
2026-01-03 02:00:00,TX_000050,1846.4,Транспорт
2026-01-03 03:00:00,TX_000051,846.12,АЗС
2026-01-03 04:00:00,TX_000052,1502.55,АЗС
2026-01-03 05:00:00,TX_000053,1226.08,Супермаркеты
2026-01-03 06:00:00,TX_000054,555.53,Кафе
2026-01-03 07:00:00,TX_000055,1374.72,Аптеки
2026-01-03 08:00:00,TX_000056,146.33,Кафе
2026-01-03 09:00:00,TX_000057,209.07,Кафе
2026-01-03 10:00:00,TX_000058,123.14,Супермаркеты
2026-01-03 11:00:00,TX_000059,296.77,Супермаркеты
2026-01-03 12:00:00,TX_000060,346.07,Супермаркеты
2026-01-03 13:00:00,TX_000061,258.28,Супермаркеты
2026-01-03 14:00:00,TX_000062,982.28,АЗС
2026-01-03 15:00:00,TX_000063,320.61,Супермаркеты
2026-01-03 16:00:00,TX_000064,264.9,АЗС
2026-01-03 17:00:00,TX_000065,491.2,АЗС
2026-01-03 18:00:00,TX_000066,175.95,Супермаркеты
2026-01-03 19:00:00,TX_000067,910.24,Транспорт
2026-01-03 20:00:00,TX_000068,138.74,Аптеки
2026-01-03 21:00:00,TX_000069,2267.07,Кафе
2026-01-03 22:00:00,TX_000070,839.74,АЗС
2026-01-03 23:00:00,TX_000071,210.77,Аптеки
2026-01-04 00:00:00,TX_000072,102.77,Транспорт
2026-01-04 01:00:00,TX_000073,944.95,Кафе
2026-01-04 02:00:00,TX_000074,713.55,Кафе
2026-01-04 03:00:00,TX_000075,752.83,АЗС
2026-01-04 04:00:00,TX_000076,837.61,Супермаркеты
2026-01-04 05:00:00,TX_000077,138.46,Транспорт
2026-01-04 06:00:00,TX_000078,321.95,АЗС
2026-01-04 07:00:00,TX_000079,161.58,Транспорт
2026-01-04 08:00:00,TX_000080,1094.26,Супермаркеты
2026-01-04 09:00:00,TX_000081,588.15,Супермаркеты
2026-01-04 10:00:00,TX_000082,300.91,АЗС
2026-01-04 11:00:00,TX_000083,132.83,Супермаркеты
2026-01-04 12:00:00,TX_000084,286.24,Аптеки
2026-01-04 13:00:00,TX_000085,296.66,Кафе
2026-01-04 14:00:00,TX_000086,753.94,АЗС
2026-01-04 15:00:00,TX_000087,607.44,Транспорт
2026-01-04 16:00:00,TX_000088,1191.13,Аптеки
2026-01-04 17:00:00,TX_000089,419.53,АЗС
2026-01-04 18:00:00,TX_000090,163.69,Супермаркеты
2026-01-04 19:00:00,TX_000091,724.56,Супермаркеты
2026-01-04 20:00:00,TX_000092,815.2,Супермаркеты
2026-01-04 21:00:00,TX_000093,511.94,Супермаркеты
2026-01-04 22:00:00,TX_000094,836.94,Транспорт
2026-01-04 23:00:00,TX_000095,440.41,Аптеки
2026-01-05 00:00:00,TX_000096,469.84,Кафе
2026-01-05 01:00:00,TX_000097,378.91,Транспорт
2026-01-05 02:00:00,TX_000098,112.87,Транспорт
2026-01-05 03:00:00,TX_000099,157.08,Кафе
2026-01-05 04:00:00,TX_000100,115.97,Кафе
2026-01-05 05:00:00,TX_000101,605.86,Супермаркеты
2026-01-05 06:00:00,TX_000102,288.7,Транспорт
2026-01-05 07:00:00,TX_000103,455.22,АЗС
2026-01-05 08:00:00,TX_000104,1290.63,Кафе
2026-01-05 09:00:00,TX_000105,243.37,Кафе
2026-01-05 10:00:00,TX_000106,364.14,Аптеки
2026-01-05 11:00:00,TX_000107,804.37,АЗС
2026-01-05 12:00:00,TX_000108,229.9,АЗС
2026-01-05 13:00:00,TX_000109,140.05,Кафе
2026-01-05 14:00:00,TX_000110,271.07,Супермаркеты
2026-01-05 15:00:00,TX_000111,187.9,Аптеки
2026-01-05 16:00:00,TX_000112,1427.48,АЗС
2026-01-05 17:00:00,TX_000113,925.44,Кафе
2026-01-05 18:00:00,TX_000114,601.75,АЗС
2026-01-05 19:00:00,TX_000115,1125.76,Аптеки
2026-01-05 20:00:00,TX_000116,913.98,Аптеки
2026-01-05 21:00:00,TX_000117,203.25,Транспорт
2026-01-05 22:00:00,TX_000118,1215.41,Кафе
2026-01-05 23:00:00,TX_000119,487.55,Аптеки
2026-01-06 00:00:00,TX_000120,923.67,Транспорт
2026-01-06 01:00:00,TX_000121,1232.12,Транспорт
2026-01-06 02:00:00,TX_000122,291.37,АЗС
2026-01-06 03:00:00,TX_000123,158.3,АЗС
2026-01-06 04:00:00,TX_000124,229.34,Транспорт
2026-01-06 05:00:00,TX_000125,378.53,АЗС
2026-01-06 06:00:00,TX_000126,951.91,Аптеки
2026-01-06 07:00:00,TX_000127,1085.67,Супермаркеты
2026-01-06 08:00:00,TX_000128,103.49,Аптеки
2026-01-06 09:00:00,TX_000129,457.44,Транспорт
2026-01-06 10:00:00,TX_000130,370.14,Транспорт
2026-01-06 11:00:00,TX_000131,225.58,Аптеки
2026-01-06 12:00:00,TX_000132,163.84,АЗС
2026-01-06 13:00:00,TX_000133,305.95,АЗС
2026-01-06 14:00:00,TX_000134,1531.56,Транспорт
2026-01-06 15:00:00,TX_000135,295.19,Кафе
2026-01-06 16:00:00,TX_000136,465.73,АЗС
2026-01-06 17:00:00,TX_000137,707.04,Аптеки
2026-01-06 18:00:00,TX_000138,325.99,АЗС
2026-01-06 19:00:00,TX_000139,1883.9,Аптеки
2026-01-06 20:00:00,TX_000140,1741.0,Транспорт
2026-01-06 21:00:00,TX_000141,245.03,АЗС
2026-01-06 22:00:00,TX_000142,443.83,Аптеки
2026-01-06 23:00:00,TX_000143,278.97,Транспорт
2026-01-07 00:00:00,TX_000144,267.62,Кафе
2026-01-07 01:00:00,TX_000145,118.79,Аптеки
2026-01-07 02:00:00,TX_000146,570.25,Кафе
2026-01-07 03:00:00,TX_000147,449.26,Кафе
2026-01-07 04:00:00,TX_000148,126.43,Супермаркеты
2026-01-07 05:00:00,TX_000149,263.31,АЗС
2026-01-07 06:00:00,TX_000150,1294.43,Аптеки
2026-01-07 07:00:00,TX_000151,236.93,Кафе
2026-01-07 08:00:00,TX_000152,178.27,Супермаркеты
2026-01-07 09:00:00,TX_000153,436.14,Транспорт
2026-01-07 10:00:00,TX_000154,2222.02,Аптеки
2026-01-07 11:00:00,TX_000155,238.57,Кафе
2026-01-07 12:00:00,TX_000156,657.58,АЗС
2026-01-07 13:00:00,TX_000157,816.94,Супермаркеты
2026-01-07 14:00:00,TX_000158,235.67,Кафе
2026-01-07 15:00:00,TX_000159,751.37,АЗС
2026-01-07 16:00:00,TX_000160,329.26,Кафе
2026-01-07 17:00:00,TX_000161,600.25,Аптеки
2026-01-07 18:00:00,TX_000162,601.92,Аптеки
2026-01-07 19:00:00,TX_000163,483.69,Аптеки
2026-01-07 20:00:00,TX_000164,147.31,Супермаркеты
2026-01-07 21:00:00,TX_000165,1001.82,Аптеки
2026-01-07 22:00:00,TX_000166,293.41,АЗС
2026-01-07 23:00:00,TX_000167,203.22,Кафе
2026-01-08 00:00:00,TX_000168,120.81,Транспорт
2026-01-08 01:00:00,TX_000169,546.89,АЗС
2026-01-08 02:00:00,TX_000170,665.93,АЗС
2026-01-08 03:00:00,TX_000171,108.36,Аптеки
2026-01-08 04:00:00,TX_000172,458.82,Супермаркеты
2026-01-08 05:00:00,TX_000173,228.41,Кафе
2026-01-08 06:00:00,TX_000174,618.06,Супермаркеты
2026-01-08 07:00:00,TX_000175,195.8,Кафе
2026-01-08 08:00:00,TX_000176,687.11,Кафе
2026-01-08 09:00:00,TX_000177,344.48,Супермаркеты
2026-01-08 10:00:00,TX_000178,1480.17,АЗС
2026-01-08 11:00:00,TX_000179,173.97,Кафе
2026-01-08 12:00:00,TX_000180,308.57,Супермаркеты
2026-01-08 13:00:00,TX_000181,160.22,Кафе
2026-01-08 14:00:00,TX_000182,1393.1,Транспорт
2026-01-08 15:00:00,TX_000183,1149.17,АЗС
2026-01-08 16:00:00,TX_000184,249.16,Аптеки
2026-01-08 17:00:00,TX_000185,639.38,Кафе
2026-01-08 18:00:00,TX_000186,949.74,Транспорт
2026-01-08 19:00:00,TX_000187,505.07,Аптеки
2026-01-08 20:00:00,TX_000188,477.14,Аптеки
2026-01-08 21:00:00,TX_000189,238.44,Кафе
2026-01-08 22:00:00,TX_000190,148.86,Супермаркеты
2026-01-08 23:00:00,TX_000191,1237.56,Кафе
2026-01-09 00:00:00,TX_000192,1253.39,Транспорт
2026-01-09 01:00:00,TX_000193,601.33,Аптеки
2026-01-09 02:00:00,TX_000194,307.02,Кафе
2026-01-09 03:00:00,TX_000195,314.78,Супермаркеты
2026-01-09 04:00:00,TX_000196,747.23,Кафе
2026-01-09 05:00:00,TX_000197,1237.05,АЗС
2026-01-09 06:00:00,TX_000198,1190.57,Супермаркеты
2026-01-09 07:00:00,TX_000199,856.78,Транспорт
2026-01-09 08:00:00,TX_000200,613.66,Аптеки
2026-01-09 09:00:00,TX_000201,143.95,Кафе
2026-01-09 10:00:00,TX_000202,188.15,Супермаркеты
2026-01-09 11:00:00,TX_000203,1244.12,АЗС
2026-01-09 12:00:00,TX_000204,566.25,Супермаркеты
2026-01-09 13:00:00,TX_000205,104.62,АЗС
2026-01-09 14:00:00,TX_000206,153.5,Транспорт
2026-01-09 15:00:00,TX_000207,644.58,Аптеки
2026-01-09 16:00:00,TX_000208,102.54,Транспорт
2026-01-09 17:00:00,TX_000209,187.66,Кафе
2026-01-09 18:00:00,TX_000210,497.85,Супермаркеты
2026-01-09 19:00:00,TX_000211,688.66,АЗС
2026-01-09 20:00:00,TX_000212,627.72,АЗС
2026-01-09 21:00:00,TX_000213,226.97,Супермаркеты
2026-01-09 22:00:00,TX_000214,722.71,Супермаркеты
2026-01-09 23:00:00,TX_000215,132330.94,Кафе
2026-01-10 00:00:00,TX_000216,296.82,Транспорт
2026-01-10 01:00:00,TX_000217,786.18,АЗС
2026-01-10 02:00:00,TX_000218,624.39,Кафе
2026-01-10 03:00:00,TX_000219,1045.98,Транспорт
2026-01-10 04:00:00,TX_000220,635.91,Кафе
2026-01-10 05:00:00,TX_000221,520.02,АЗС
2026-01-10 06:00:00,TX_000222,149.18,Супермаркеты
2026-01-10 07:00:00,TX_000223,329.21,Супермаркеты
2026-01-10 08:00:00,TX_000224,254.08,Транспорт
2026-01-10 09:00:00,TX_000225,239.85,Аптеки
2026-01-10 10:00:00,TX_000226,1906.15,Транспорт
2026-01-10 11:00:00,TX_000227,349.69,Аптеки
2026-01-10 12:00:00,TX_000228,1213.03,Кафе
2026-01-10 13:00:00,TX_000229,598.67,Кафе
2026-01-10 14:00:00,TX_000230,891.91,АЗС
2026-01-10 15:00:00,TX_000231,449.22,Аптеки
2026-01-10 16:00:00,TX_000232,530.08,АЗС
2026-01-10 17:00:00,TX_000233,439.15,Супермаркеты
2026-01-10 18:00:00,TX_000234,208.61,Аптеки
2026-01-10 19:00:00,TX_000235,740.88,Транспорт
2026-01-10 20:00:00,TX_000236,264.79,Супермаркеты
2026-01-10 21:00:00,TX_000237,112.31,Супермаркеты
2026-01-10 22:00:00,TX_000238,618.48,Транспорт
2026-01-10 23:00:00,TX_000239,197.47,Супермаркеты
2026-01-11 00:00:00,TX_000240,1510.54,Аптеки
2026-01-11 01:00:00,TX_000241,1638.78,АЗС
2026-01-11 02:00:00,TX_000242,1331.75,Супермаркеты
2026-01-11 03:00:00,TX_000243,331.14,Аптеки
2026-01-11 04:00:00,TX_000244,107.79,Кафе
2026-01-11 05:00:00,TX_000245,1417.76,Аптеки
2026-01-11 06:00:00,TX_000246,379.47,АЗС
2026-01-11 07:00:00,TX_000247,1800.42,Аптеки
2026-01-11 08:00:00,TX_000248,1756.87,Транспорт
2026-01-11 09:00:00,TX_000249,1058.69,АЗС
2026-01-11 10:00:00,TX_000250,274.39,Кафе
2026-01-11 11:00:00,TX_000251,343.15,Транспорт
2026-01-11 12:00:00,TX_000252,1052.36,Аптеки
2026-01-11 13:00:00,TX_000253,290.57,АЗС
2026-01-11 14:00:00,TX_000254,192.86,Кафе
2026-01-11 15:00:00,TX_000255,506.87,Транспорт
2026-01-11 16:00:00,TX_000256,1475.65,Кафе
2026-01-11 17:00:00,TX_000257,695.41,Аптеки
2026-01-11 18:00:00,TX_000258,522.06,Кафе
2026-01-11 19:00:00,TX_000259,151.11,Супермаркеты
2026-01-11 20:00:00,TX_000260,577.27,Транспорт
2026-01-11 21:00:00,TX_000261,2405.28,Кафе
2026-01-11 22:00:00,TX_000262,175.46,Аптеки
2026-01-11 23:00:00,TX_000263,465.25,Аптеки
2026-01-12 00:00:00,TX_000264,1149.3,Кафе
2026-01-12 01:00:00,TX_000265,775.02,Аптеки
2026-01-12 02:00:00,TX_000266,697.04,АЗС
2026-01-12 03:00:00,TX_000267,706.14,АЗС
2026-01-12 04:00:00,TX_000268,322.75,АЗС
2026-01-12 05:00:00,TX_000269,273.78,Супермаркеты
2026-01-12 06:00:00,TX_000270,928.69,Кафе
2026-01-12 07:00:00,TX_000271,930.66,Супермаркеты
2026-01-12 08:00:00,TX_000272,1108.98,Аптеки
2026-01-12 09:00:00,TX_000273,1322.31,Супермаркеты
2026-01-12 10:00:00,TX_000274,458.05,Аптеки
2026-01-12 11:00:00,TX_000275,448.09,Аптеки
2026-01-12 12:00:00,TX_000276,900.47,Транспорт
2026-01-12 13:00:00,TX_000277,624.86,АЗС
2026-01-12 14:00:00,TX_000278,705.28,Аптеки
2026-01-12 15:00:00,TX_000279,894.31,Транспорт
2026-01-12 16:00:00,TX_000280,1203.66,АЗС
2026-01-12 17:00:00,TX_000281,306.24,Аптеки
2026-01-12 18:00:00,TX_000282,335.47,Аптеки
2026-01-12 19:00:00,TX_000283,149.35,Супермаркеты
2026-01-12 20:00:00,TX_000284,531.71,Супермаркеты
2026-01-12 21:00:00,TX_000285,118.3,АЗС
2026-01-12 22:00:00,TX_000286,413.3,Аптеки
2026-01-12 23:00:00,TX_000287,491.15,Кафе
2026-01-13 00:00:00,TX_000288,268.82,Супермаркеты
2026-01-13 01:00:00,TX_000289,546.82,АЗС
2026-01-13 02:00:00,TX_000290,115.49,Аптеки
2026-01-13 03:00:00,TX_000291,119.03,Аптеки
2026-01-13 04:00:00,TX_000292,964.68,Кафе
2026-01-13 05:00:00,TX_000293,323.29,АЗС
2026-01-13 06:00:00,TX_000294,167.94,Аптеки
2026-01-13 07:00:00,TX_000295,469.33,Супермаркеты
2026-01-13 08:00:00,TX_000296,834.82,Кафе
2026-01-13 09:00:00,TX_000297,221.56,АЗС
2026-01-13 10:00:00,TX_000298,587.61,Кафе
2026-01-13 11:00:00,TX_000299,144.61,Супермаркеты
2026-01-13 12:00:00,TX_000300,126.53,АЗС
2026-01-13 13:00:00,TX_000301,478.95,Кафе
2026-01-13 14:00:00,TX_000302,488.96,Транспорт
2026-01-13 15:00:00,TX_000303,607.27,Супермаркеты
2026-01-13 16:00:00,TX_000304,747.48,Супермаркеты
2026-01-13 17:00:00,TX_000305,1961.78,Супермаркеты
2026-01-13 18:00:00,TX_000306,463.15,Транспорт
2026-01-13 19:00:00,TX_000307,295.01,Транспорт
2026-01-13 20:00:00,TX_000308,892.83,Аптеки
2026-01-13 21:00:00,TX_000309,257.93,Кафе
2026-01-13 22:00:00,TX_000310,388.99,Аптеки
2026-01-13 23:00:00,TX_000311,140.85,Кафе
2026-01-14 00:00:00,TX_000312,112.84,Транспорт
2026-01-14 01:00:00,TX_000313,1743.69,Транспорт
2026-01-14 02:00:00,TX_000314,1003.88,Аптеки
2026-01-14 03:00:00,TX_000315,695.32,АЗС
2026-01-14 04:00:00,TX_000316,362.93,Аптеки
2026-01-14 05:00:00,TX_000317,195.15,Кафе
2026-01-14 06:00:00,TX_000318,185.06,Аптеки
2026-01-14 07:00:00,TX_000319,244.0,Супермаркеты
2026-01-14 08:00:00,TX_000320,498.4,Кафе
2026-01-14 09:00:00,TX_000321,726.92,Кафе
2026-01-14 10:00:00,TX_000322,639.7,АЗС
2026-01-14 11:00:00,TX_000323,264.21,Транспорт
2026-01-14 12:00:00,TX_000324,1649.05,Кафе
2026-01-14 13:00:00,TX_000325,769.51,Транспорт
2026-01-14 14:00:00,TX_000326,504.12,Аптеки
2026-01-14 15:00:00,TX_000327,573.02,Супермаркеты
2026-01-14 16:00:00,TX_000328,372.02,АЗС
2026-01-14 17:00:00,TX_000329,242.33,Транспорт
2026-01-14 18:00:00,TX_000330,320.01,Кафе
2026-01-14 19:00:00,TX_000331,809.09,Транспорт
2026-01-14 20:00:00,TX_000332,107.25,Кафе
2026-01-14 21:00:00,TX_000333,161.69,Транспорт
2026-01-14 22:00:00,TX_000334,123.55,Кафе
2026-01-14 23:00:00,TX_000335,120.79,Аптеки
2026-01-15 00:00:00,TX_000336,1067.1,Кафе
2026-01-15 01:00:00,TX_000337,708.12,Кафе
2026-01-15 02:00:00,TX_000338,421.39,Супермаркеты
2026-01-15 03:00:00,TX_000339,151.48,Кафе
2026-01-15 04:00:00,TX_000340,438.26,Супермаркеты
2026-01-15 05:00:00,TX_000341,420.73,АЗС
2026-01-15 06:00:00,TX_000342,195.1,Супермаркеты
2026-01-15 07:00:00,TX_000343,384.45,Аптеки
2026-01-15 08:00:00,TX_000344,354.17,Супермаркеты
2026-01-15 09:00:00,TX_000345,578.36,АЗС
2026-01-15 10:00:00,TX_000346,604.06,Аптеки
2026-01-15 11:00:00,TX_000347,123.18,Транспорт
2026-01-15 12:00:00,TX_000348,334.69,Транспорт
2026-01-15 13:00:00,TX_000349,591.56,Супермаркеты
2026-01-15 14:00:00,TX_000350,449.72,Супермаркеты
2026-01-15 15:00:00,TX_000351,1070.67,АЗС
2026-01-15 16:00:00,TX_000352,637.49,АЗС
2026-01-15 17:00:00,TX_000353,188.93,Кафе
2026-01-15 18:00:00,TX_000354,136.59,АЗС
2026-01-15 19:00:00,TX_000355,614.2,Кафе
2026-01-15 20:00:00,TX_000356,113.43,Аптеки
2026-01-15 21:00:00,TX_000357,540.67,Супермаркеты
2026-01-15 22:00:00,TX_000358,1508.63,Аптеки
2026-01-15 23:00:00,TX_000359,528.39,АЗС
2026-01-16 00:00:00,TX_000360,345.65,Аптеки
2026-01-16 01:00:00,TX_000361,615.41,Аптеки
2026-01-16 02:00:00,TX_000362,406.48,Аптеки
2026-01-16 03:00:00,TX_000363,494.41,АЗС
2026-01-16 04:00:00,TX_000364,1519.06,Аптеки
2026-01-16 05:00:00,TX_000365,343.96,Кафе
2026-01-16 06:00:00,TX_000366,1724.55,АЗС
2026-01-16 07:00:00,TX_000367,1278.79,Аптеки
2026-01-16 08:00:00,TX_000368,208.95,АЗС
2026-01-16 09:00:00,TX_000369,135.94,Транспорт
2026-01-16 10:00:00,TX_000370,153.11,Кафе
2026-01-16 11:00:00,TX_000371,109.19,Аптеки
2026-01-16 12:00:00,TX_000372,149.6,Транспорт
2026-01-16 13:00:00,TX_000373,674.44,Транспорт
2026-01-16 14:00:00,TX_000374,128201.53,АЗС
2026-01-16 15:00:00,TX_000375,292.08,Транспорт
2026-01-16 16:00:00,TX_000376,1031.76,Кафе
2026-01-16 17:00:00,TX_000377,111.77,Кафе
2026-01-16 18:00:00,TX_000378,942.27,Супермаркеты
2026-01-16 19:00:00,TX_000379,265.54,Кафе
2026-01-16 20:00:00,TX_000380,162.88,Транспорт
2026-01-16 21:00:00,TX_000381,696.58,Кафе
2026-01-16 22:00:00,TX_000382,133826.54,АЗС
2026-01-16 23:00:00,TX_000383,1149.71,Супермаркеты
2026-01-17 00:00:00,TX_000384,764.15,Транспорт
2026-01-17 01:00:00,TX_000385,913.5,Супермаркеты
2026-01-17 02:00:00,TX_000386,265.67,Транспорт
2026-01-17 03:00:00,TX_000387,197.67,АЗС
2026-01-17 04:00:00,TX_000388,794.38,Супермаркеты
2026-01-17 05:00:00,TX_000389,922.1,Аптеки
2026-01-17 06:00:00,TX_000390,2428.5,Транспорт
2026-01-17 07:00:00,TX_000391,366.04,Аптеки
2026-01-17 08:00:00,TX_000392,332.62,Супермаркеты
2026-01-17 09:00:00,TX_000393,848.98,Аптеки
2026-01-17 10:00:00,TX_000394,308.37,Аптеки
2026-01-17 11:00:00,TX_000395,1435.07,Супермаркеты
2026-01-17 12:00:00,TX_000396,1077.42,АЗС
2026-01-17 13:00:00,TX_000397,380.18,Аптеки
2026-01-17 14:00:00,TX_000398,794.89,Аптеки
2026-01-17 15:00:00,TX_000399,802.32,АЗС
2026-01-17 16:00:00,TX_000400,154.42,Аптеки
2026-01-17 17:00:00,TX_000401,1264.22,Аптеки
2026-01-17 18:00:00,TX_000402,451.85,Аптеки
2026-01-17 19:00:00,TX_000403,975.67,Кафе
2026-01-17 20:00:00,TX_000404,292.87,АЗС
2026-01-17 21:00:00,TX_000405,1229.4,Аптеки
2026-01-17 22:00:00,TX_000406,346.49,АЗС
2026-01-17 23:00:00,TX_000407,105.45,Транспорт
2026-01-18 00:00:00,TX_000408,1278.95,Транспорт
2026-01-18 01:00:00,TX_000409,147.86,Аптеки
2026-01-18 02:00:00,TX_000410,292.33,АЗС
2026-01-18 03:00:00,TX_000411,1598.49,АЗС
2026-01-18 04:00:00,TX_000412,1603.97,АЗС
2026-01-18 05:00:00,TX_000413,526.0,Кафе
2026-01-18 06:00:00,TX_000414,599.62,Транспорт
2026-01-18 07:00:00,TX_000415,397.51,АЗС
2026-01-18 08:00:00,TX_000416,273.51,АЗС
2026-01-18 09:00:00,TX_000417,299.24,Кафе
2026-01-18 10:00:00,TX_000418,658.16,Кафе
2026-01-18 11:00:00,TX_000419,797.92,АЗС
2026-01-18 12:00:00,TX_000420,884.1,Супермаркеты
2026-01-18 13:00:00,TX_000421,879.42,АЗС
2026-01-18 14:00:00,TX_000422,147.82,АЗС
2026-01-18 15:00:00,TX_000423,441.02,Кафе
2026-01-18 16:00:00,TX_000424,129.64,Кафе
2026-01-18 17:00:00,TX_000425,498.73,АЗС
2026-01-18 18:00:00,TX_000426,391.28,АЗС
2026-01-18 19:00:00,TX_000427,1193.31,АЗС
2026-01-18 20:00:00,TX_000428,316.1,Кафе
2026-01-18 21:00:00,TX_000429,162.25,АЗС
2026-01-18 22:00:00,TX_000430,177.15,АЗС
2026-01-18 23:00:00,TX_000431,816.72,Аптеки
2026-01-19 00:00:00,TX_000432,581.45,Супермаркеты
2026-01-19 01:00:00,TX_000433,153.3,Транспорт
2026-01-19 02:00:00,TX_000434,143.93,Супермаркеты
2026-01-19 03:00:00,TX_000435,703.6,Аптеки
2026-01-19 04:00:00,TX_000436,137.77,Транспорт
2026-01-19 05:00:00,TX_000437,962.59,АЗС
2026-01-19 06:00:00,TX_000438,712.5,Аптеки
2026-01-19 07:00:00,TX_000439,142.42,АЗС
2026-01-19 08:00:00,TX_000440,144.33,Кафе
2026-01-19 09:00:00,TX_000441,2257.73,Аптеки
2026-01-19 10:00:00,TX_000442,334.42,Кафе
2026-01-19 11:00:00,TX_000443,331.53,Аптеки
2026-01-19 12:00:00,TX_000444,937.79,Аптеки
2026-01-19 13:00:00,TX_000445,1571.08,Кафе
2026-01-19 14:00:00,TX_000446,2234.39,Транспорт
2026-01-19 15:00:00,TX_000447,799.95,Супермаркеты
2026-01-19 16:00:00,TX_000448,336.01,АЗС
2026-01-19 17:00:00,TX_000449,143.6,Аптеки
2026-01-19 18:00:00,TX_000450,850.62,АЗС
2026-01-19 19:00:00,TX_000451,508.68,Кафе
2026-01-19 20:00:00,TX_000452,376.02,АЗС
2026-01-19 21:00:00,TX_000453,1284.12,Кафе
2026-01-19 22:00:00,TX_000454,158.94,АЗС
2026-01-19 23:00:00,TX_000455,439.25,Супермаркеты
2026-01-20 00:00:00,TX_000456,105.71,Супермаркеты
2026-01-20 01:00:00,TX_000457,416.18,Супермаркеты
2026-01-20 02:00:00,TX_000458,128.98,Супермаркеты
2026-01-20 03:00:00,TX_000459,163.25,Супермаркеты
2026-01-20 04:00:00,TX_000460,162.51,Супермаркеты
2026-01-20 05:00:00,TX_000461,623.78,Кафе
2026-01-20 06:00:00,TX_000462,785.3,Аптеки
2026-01-20 07:00:00,TX_000463,537.78,АЗС
2026-01-20 08:00:00,TX_000464,1737.36,Супермаркеты
2026-01-20 09:00:00,TX_000465,334.9,Кафе
2026-01-20 10:00:00,TX_000466,268.23,Кафе
2026-01-20 11:00:00,TX_000467,1114.75,Кафе
2026-01-20 12:00:00,TX_000468,226.54,Аптеки
2026-01-20 13:00:00,TX_000469,1751.44,АЗС
2026-01-20 14:00:00,TX_000470,106.11,Аптеки
2026-01-20 15:00:00,TX_000471,1851.26,Транспорт
2026-01-20 16:00:00,TX_000472,122.06,Кафе
2026-01-20 17:00:00,TX_000473,1208.86,Транспорт
2026-01-20 18:00:00,TX_000474,475.07,Супермаркеты
2026-01-20 19:00:00,TX_000475,2578.41,Супермаркеты
2026-01-20 20:00:00,TX_000476,138.33,Аптеки
2026-01-20 21:00:00,TX_000477,503.55,АЗС
2026-01-20 22:00:00,TX_000478,1841.79,Транспорт
2026-01-20 23:00:00,TX_000479,470.22,АЗС
2026-01-21 00:00:00,TX_000480,596.31,Аптеки
2026-01-21 01:00:00,TX_000481,694.95,Супермаркеты
2026-01-21 02:00:00,TX_000482,403.06,АЗС
2026-01-21 03:00:00,TX_000483,593.84,АЗС
2026-01-21 04:00:00,TX_000484,538.91,Супермаркеты
2026-01-21 05:00:00,TX_000485,1257.12,Транспорт
2026-01-21 06:00:00,TX_000486,123.26,Супермаркеты
2026-01-21 07:00:00,TX_000487,264.92,АЗС
2026-01-21 08:00:00,TX_000488,1602.0,Транспорт
2026-01-21 09:00:00,TX_000489,1204.84,Транспорт
2026-01-21 10:00:00,TX_000490,404.09,Супермаркеты
2026-01-21 11:00:00,TX_000491,583.97,АЗС
2026-01-21 12:00:00,TX_000492,262.44,Аптеки
2026-01-21 13:00:00,TX_000493,204.2,АЗС
2026-01-21 14:00:00,TX_000494,411.53,Кафе
2026-01-21 15:00:00,TX_000495,317.98,Аптеки
2026-01-21 16:00:00,TX_000496,538.12,Транспорт
2026-01-21 17:00:00,TX_000497,140.46,Аптеки
2026-01-21 18:00:00,TX_000498,1932.48,Транспорт
2026-01-21 19:00:00,TX_000499,2241.93,Транспорт
2026-01-21 20:00:00,TX_000500,698.93,Аптеки
2026-01-21 21:00:00,TX_000501,484.04,Транспорт
2026-01-21 22:00:00,TX_000502,285.19,Транспорт
2026-01-21 23:00:00,TX_000503,940.45,Кафе
2026-01-22 00:00:00,TX_000504,677.16,АЗС
2026-01-22 01:00:00,TX_000505,188.74,АЗС
2026-01-22 02:00:00,TX_000506,1309.15,Кафе
2026-01-22 03:00:00,TX_000507,964.5,Аптеки
2026-01-22 04:00:00,TX_000508,1595.87,Супермаркеты
2026-01-22 05:00:00,TX_000509,746.8,Супермаркеты
2026-01-22 06:00:00,TX_000510,575.2,Супермаркеты
2026-01-22 07:00:00,TX_000511,370.85,Кафе
2026-01-22 08:00:00,TX_000512,1449.51,Кафе
2026-01-22 09:00:00,TX_000513,1105.2,Транспорт
2026-01-22 10:00:00,TX_000514,123.14,Супермаркеты
2026-01-22 11:00:00,TX_000515,113.36,Аптеки
2026-01-22 12:00:00,TX_000516,336.17,Аптеки
2026-01-22 13:00:00,TX_000517,931.82,Супермаркеты
2026-01-22 14:00:00,TX_000518,2282.14,Супермаркеты
2026-01-22 15:00:00,TX_000519,181.5,Супермаркеты
2026-01-22 16:00:00,TX_000520,550.86,Кафе
2026-01-22 17:00:00,TX_000521,339.74,Кафе
2026-01-22 18:00:00,TX_000522,1851.85,Кафе
2026-01-22 19:00:00,TX_000523,1022.96,АЗС
2026-01-22 20:00:00,TX_000524,1011.1,Аптеки
2026-01-22 21:00:00,TX_000525,416.21,Аптеки
2026-01-22 22:00:00,TX_000526,367.92,Транспорт
2026-01-22 23:00:00,TX_000527,259.69,Кафе
2026-01-23 00:00:00,TX_000528,129.01,АЗС
2026-01-23 01:00:00,TX_000529,1100.21,АЗС
2026-01-23 02:00:00,TX_000530,938.06,Аптеки
2026-01-23 03:00:00,TX_000531,4186.22,Кафе
2026-01-23 04:00:00,TX_000532,2947.44,Транспорт
2026-01-23 05:00:00,TX_000533,505.33,Кафе
2026-01-23 06:00:00,TX_000534,832.64,Супермаркеты
2026-01-23 07:00:00,TX_000535,1548.09,Кафе
2026-01-23 08:00:00,TX_000536,1047.39,Супермаркеты
2026-01-23 09:00:00,TX_000537,242.08,Супермаркеты
2026-01-23 10:00:00,TX_000538,399.41,Транспорт
2026-01-23 11:00:00,TX_000539,169.15,Аптеки
2026-01-23 12:00:00,TX_000540,1640.11,Кафе
2026-01-23 13:00:00,TX_000541,565.92,Супермаркеты
2026-01-23 14:00:00,TX_000542,229.8,Кафе
2026-01-23 15:00:00,TX_000543,656.91,Аптеки
2026-01-23 16:00:00,TX_000544,581.34,Аптеки
2026-01-23 17:00:00,TX_000545,321.71,АЗС
2026-01-23 18:00:00,TX_000546,160.27,Аптеки
2026-01-23 19:00:00,TX_000547,656.72,Транспорт
2026-01-23 20:00:00,TX_000548,467.31,Супермаркеты
2026-01-23 21:00:00,TX_000549,118804.44,АЗС
2026-01-23 22:00:00,TX_000550,467.15,Транспорт
2026-01-23 23:00:00,TX_000551,1055.89,Кафе
2026-01-24 00:00:00,TX_000552,501.38,Супермаркеты
2026-01-24 01:00:00,TX_000553,511.56,Аптеки
2026-01-24 02:00:00,TX_000554,1146.38,Супермаркеты
2026-01-24 03:00:00,TX_000555,358.32,Кафе
2026-01-24 04:00:00,TX_000556,171.94,АЗС
2026-01-24 05:00:00,TX_000557,114.6,АЗС
2026-01-24 06:00:00,TX_000558,803.53,АЗС
2026-01-24 07:00:00,TX_000559,584.2,Аптеки
2026-01-24 08:00:00,TX_000560,708.83,Транспорт
2026-01-24 09:00:00,TX_000561,219.74,Транспорт
2026-01-24 10:00:00,TX_000562,173.31,Супермаркеты
2026-01-24 11:00:00,TX_000563,107.33,Аптеки
2026-01-24 12:00:00,TX_000564,315.84,АЗС
2026-01-24 13:00:00,TX_000565,545.7,АЗС
2026-01-24 14:00:00,TX_000566,348.99,Кафе
2026-01-24 15:00:00,TX_000567,387.66,Кафе
2026-01-24 16:00:00,TX_000568,1272.53,АЗС
2026-01-24 17:00:00,TX_000569,314.05,АЗС
2026-01-24 18:00:00,TX_000570,460.76,Аптеки
2026-01-24 19:00:00,TX_000571,865.44,Транспорт
2026-01-24 20:00:00,TX_000572,352.54,Кафе
2026-01-24 21:00:00,TX_000573,586.55,Транспорт
2026-01-24 22:00:00,TX_000574,1091.57,Аптеки
2026-01-24 23:00:00,TX_000575,1593.1,АЗС
2026-01-25 00:00:00,TX_000576,179.54,Транспорт
2026-01-25 01:00:00,TX_000577,1405.83,АЗС
2026-01-25 02:00:00,TX_000578,438.75,АЗС
2026-01-25 03:00:00,TX_000579,249.37,Супермаркеты
2026-01-25 04:00:00,TX_000580,407.29,Транспорт
2026-01-25 05:00:00,TX_000581,2056.83,Транспорт
2026-01-25 06:00:00,TX_000582,439.25,АЗС
2026-01-25 07:00:00,TX_000583,299.31,Аптеки
2026-01-25 08:00:00,TX_000584,601.74,Супермаркеты
2026-01-25 09:00:00,TX_000585,237.31,АЗС
2026-01-25 10:00:00,TX_000586,139.45,Кафе
2026-01-25 11:00:00,TX_000587,168.99,Кафе
2026-01-25 12:00:00,TX_000588,168.51,Супермаркеты
2026-01-25 13:00:00,TX_000589,182.38,Аптеки
2026-01-25 14:00:00,TX_000590,174.73,АЗС
2026-01-25 15:00:00,TX_000591,612.04,Транспорт
2026-01-25 16:00:00,TX_000592,200.37,Супермаркеты
2026-01-25 17:00:00,TX_000593,312.07,Аптеки
2026-01-25 18:00:00,TX_000594,1235.49,Транспорт
2026-01-25 19:00:00,TX_000595,421.19,Кафе
2026-01-25 20:00:00,TX_000596,650.64,Кафе
2026-01-25 21:00:00,TX_000597,194.56,Транспорт
2026-01-25 22:00:00,TX_000598,206.78,Супермаркеты
2026-01-25 23:00:00,TX_000599,120.86,Кафе
2026-01-26 00:00:00,TX_000600,192.52,АЗС
2026-01-26 01:00:00,TX_000601,263.27,Транспорт
2026-01-26 02:00:00,TX_000602,197.41,Транспорт
2026-01-26 03:00:00,TX_000603,146.44,Кафе
2026-01-26 04:00:00,TX_000604,164.28,Супермаркеты
2026-01-26 05:00:00,TX_000605,408.81,АЗС
2026-01-26 06:00:00,TX_000606,215.55,Супермаркеты
2026-01-26 07:00:00,TX_000607,326.49,Аптеки
2026-01-26 08:00:00,TX_000608,450.0,Аптеки
2026-01-26 09:00:00,TX_000609,686.23,Кафе
2026-01-26 10:00:00,TX_000610,120.05,Кафе
2026-01-26 11:00:00,TX_000611,903.25,Кафе
2026-01-26 12:00:00,TX_000612,594.3,Аптеки
2026-01-26 13:00:00,TX_000613,142.65,Супермаркеты
2026-01-26 14:00:00,TX_000614,1134.07,Супермаркеты
2026-01-26 15:00:00,TX_000615,1368.35,Кафе
2026-01-26 16:00:00,TX_000616,131.51,АЗС
2026-01-26 17:00:00,TX_000617,262.09,Супермаркеты
2026-01-26 18:00:00,TX_000618,920.47,Аптеки
2026-01-26 19:00:00,TX_000619,789.68,Транспорт
2026-01-26 20:00:00,TX_000620,201.99,Транспорт
2026-01-26 21:00:00,TX_000621,217.45,Транспорт
2026-01-26 22:00:00,TX_000622,331.39,АЗС
2026-01-26 23:00:00,TX_000623,431.33,Кафе
2026-01-27 00:00:00,TX_000624,581.5,Аптеки
2026-01-27 01:00:00,TX_000625,330.16,АЗС
2026-01-27 02:00:00,TX_000626,410.45,Аптеки
2026-01-27 03:00:00,TX_000627,788.11,Аптеки
2026-01-27 04:00:00,TX_000628,118.69,Кафе
2026-01-27 05:00:00,TX_000629,245.47,Транспорт
2026-01-27 06:00:00,TX_000630,724.75,Кафе
2026-01-27 07:00:00,TX_000631,1227.88,АЗС
2026-01-27 08:00:00,TX_000632,458.39,АЗС
2026-01-27 09:00:00,TX_000633,479.76,АЗС
2026-01-27 10:00:00,TX_000634,156.68,Кафе
2026-01-27 11:00:00,TX_000635,396.57,Аптеки
2026-01-27 12:00:00,TX_000636,480.3,Аптеки
2026-01-27 13:00:00,TX_000637,238.85,Супермаркеты
2026-01-27 14:00:00,TX_000638,256.84,АЗС
2026-01-27 15:00:00,TX_000639,336.83,Аптеки
2026-01-27 16:00:00,TX_000640,110.14,Супермаркеты
2026-01-27 17:00:00,TX_000641,294.36,Аптеки
2026-01-27 18:00:00,TX_000642,218.78,АЗС
2026-01-27 19:00:00,TX_000643,298.37,Транспорт
2026-01-27 20:00:00,TX_000644,163.78,АЗС
2026-01-27 21:00:00,TX_000645,1206.04,Кафе
2026-01-27 22:00:00,TX_000646,550.2,Аптеки
2026-01-27 23:00:00,TX_000647,668.32,Аптеки
2026-01-28 00:00:00,TX_000648,878.35,Кафе
2026-01-28 01:00:00,TX_000649,445.02,Кафе
2026-01-28 02:00:00,TX_000650,145.47,Транспорт
2026-01-28 03:00:00,TX_000651,485.13,Аптеки
2026-01-28 04:00:00,TX_000652,541.96,Аптеки
2026-01-28 05:00:00,TX_000653,784.11,Транспорт
2026-01-28 06:00:00,TX_000654,382.52,Супермаркеты
2026-01-28 07:00:00,TX_000655,168.24,Транспорт
2026-01-28 08:00:00,TX_000656,266.88,АЗС
2026-01-28 09:00:00,TX_000657,325.56,Аптеки
2026-01-28 10:00:00,TX_000658,619.11,Кафе
2026-01-28 11:00:00,TX_000659,522.89,АЗС
2026-01-28 12:00:00,TX_000660,320.1,Аптеки
2026-01-28 13:00:00,TX_000661,2253.1,Транспорт
2026-01-28 14:00:00,TX_000662,565.42,АЗС
2026-01-28 15:00:00,TX_000663,235.4,Аптеки
2026-01-28 16:00:00,TX_000664,153.67,Супермаркеты
2026-01-28 17:00:00,TX_000665,182.94,Супермаркеты
2026-01-28 18:00:00,TX_000666,241.15,Кафе
2026-01-28 19:00:00,TX_000667,187.58,Аптеки
2026-01-28 20:00:00,TX_000668,203.25,Супермаркеты
2026-01-28 21:00:00,TX_000669,267.8,Транспорт
2026-01-28 22:00:00,TX_000670,195.2,Аптеки
2026-01-28 23:00:00,TX_000671,1235.38,Транспорт
2026-01-29 00:00:00,TX_000672,141.82,Транспорт
2026-01-29 01:00:00,TX_000673,471.71,Супермаркеты
2026-01-29 02:00:00,TX_000674,364.15,Аптеки
2026-01-29 03:00:00,TX_000675,2119.32,АЗС
2026-01-29 04:00:00,TX_000676,159.41,Супермаркеты
2026-01-29 05:00:00,TX_000677,353.63,Супермаркеты
2026-01-29 06:00:00,TX_000678,1844.53,Аптеки
2026-01-29 07:00:00,TX_000679,1103.12,Аптеки
2026-01-29 08:00:00,TX_000680,949.33,Транспорт
2026-01-29 09:00:00,TX_000681,249.14,Аптеки
2026-01-29 10:00:00,TX_000682,193.7,Транспорт
2026-01-29 11:00:00,TX_000683,652.28,Супермаркеты
2026-01-29 12:00:00,TX_000684,1425.19,Кафе
2026-01-29 13:00:00,TX_000685,506.83,АЗС
2026-01-29 14:00:00,TX_000686,523.86,Супермаркеты
2026-01-29 15:00:00,TX_000687,264.24,Аптеки
2026-01-29 16:00:00,TX_000688,833.74,АЗС
2026-01-29 17:00:00,TX_000689,203.54,Кафе
2026-01-29 18:00:00,TX_000690,295.54,Кафе
2026-01-29 19:00:00,TX_000691,377.07,Транспорт
2026-01-29 20:00:00,TX_000692,454.24,АЗС
2026-01-29 21:00:00,TX_000693,238.81,Транспорт
2026-01-29 22:00:00,TX_000694,160.99,Супермаркеты
2026-01-29 23:00:00,TX_000695,571.6,АЗС
2026-01-30 00:00:00,TX_000696,270.28,Супермаркеты
2026-01-30 01:00:00,TX_000697,535.23,Транспорт
2026-01-30 02:00:00,TX_000698,183.83,АЗС
2026-01-30 03:00:00,TX_000699,428.06,Транспорт
2026-01-30 04:00:00,TX_000700,480.27,АЗС
2026-01-30 05:00:00,TX_000701,126.61,Транспорт
2026-01-30 06:00:00,TX_000702,305.19,Кафе
2026-01-30 07:00:00,TX_000703,172.17,Транспорт
2026-01-30 08:00:00,TX_000704,132.74,Кафе
2026-01-30 09:00:00,TX_000705,2400.6,Транспорт
2026-01-30 10:00:00,TX_000706,104380.57,АЗС
2026-01-30 11:00:00,TX_000707,930.04,АЗС
2026-01-30 12:00:00,TX_000708,116686.67,АЗС
2026-01-30 13:00:00,TX_000709,672.07,Аптеки
2026-01-30 14:00:00,TX_000710,814.03,Супермаркеты
2026-01-30 15:00:00,TX_000711,552.72,АЗС
2026-01-30 16:00:00,TX_000712,418.93,Кафе
2026-01-30 17:00:00,TX_000713,365.38,АЗС
2026-01-30 18:00:00,TX_000714,314.52,Аптеки
2026-01-30 19:00:00,TX_000715,53142.18,Кафе
2026-01-30 20:00:00,TX_000716,987.8,Аптеки
2026-01-30 21:00:00,TX_000717,1776.59,Кафе
2026-01-30 22:00:00,TX_000718,166.36,Транспорт
2026-01-30 23:00:00,TX_000719,756.28,Супермаркеты
2026-01-31 00:00:00,TX_000720,1493.06,Супермаркеты
2026-01-31 01:00:00,TX_000721,199.98,Аптеки
2026-01-31 02:00:00,TX_000722,134.41,Супермаркеты
2026-01-31 03:00:00,TX_000723,775.7,Аптеки
2026-01-31 04:00:00,TX_000724,527.21,Аптеки
2026-01-31 05:00:00,TX_000725,1022.04,Аптеки
2026-01-31 06:00:00,TX_000726,175.28,Супермаркеты
2026-01-31 07:00:00,TX_000727,893.03,Аптеки
2026-01-31 08:00:00,TX_000728,212.59,Супермаркеты
2026-01-31 09:00:00,TX_000729,189.36,Аптеки
2026-01-31 10:00:00,TX_000730,189.72,АЗС
2026-01-31 11:00:00,TX_000731,942.55,Аптеки
2026-01-31 12:00:00,TX_000732,647.11,Кафе
2026-01-31 13:00:00,TX_000733,470.19,Аптеки
2026-01-31 14:00:00,TX_000734,322.23,Транспорт
2026-01-31 15:00:00,TX_000735,1148.6,Аптеки
2026-01-31 16:00:00,TX_000736,349.16,Кафе
2026-01-31 17:00:00,TX_000737,948.04,Кафе
2026-01-31 18:00:00,TX_000738,389.14,Супермаркеты
2026-01-31 19:00:00,TX_000739,336.56,АЗС
2026-01-31 20:00:00,TX_000740,410.58,Аптеки
2026-01-31 21:00:00,TX_000741,279.32,Супермаркеты
2026-01-31 22:00:00,TX_000742,788.39,АЗС
2026-01-31 23:00:00,TX_000743,449.3,Аптеки
2026-02-01 00:00:00,TX_000744,232.12,Транспорт
2026-02-01 01:00:00,TX_000745,1249.17,Аптеки
2026-02-01 02:00:00,TX_000746,342.17,Кафе
2026-02-01 03:00:00,TX_000747,492.14,Кафе
2026-02-01 04:00:00,TX_000748,1284.75,Транспорт
2026-02-01 05:00:00,TX_000749,589.4,Супермаркеты
2026-02-01 06:00:00,TX_000750,162.16,АЗС
2026-02-01 07:00:00,TX_000751,1505.31,Аптеки
2026-02-01 08:00:00,TX_000752,594.04,Кафе
2026-02-01 09:00:00,TX_000753,303.91,Супермаркеты
2026-02-01 10:00:00,TX_000754,174.99,Транспорт
2026-02-01 11:00:00,TX_000755,890.0,Кафе
2026-02-01 12:00:00,TX_000756,583.89,Транспорт
2026-02-01 13:00:00,TX_000757,481.21,Аптеки
2026-02-01 14:00:00,TX_000758,1221.65,АЗС
2026-02-01 15:00:00,TX_000759,877.0,Кафе
2026-02-01 16:00:00,TX_000760,182.25,Кафе
2026-02-01 17:00:00,TX_000761,286.78,Аптеки
2026-02-01 18:00:00,TX_000762,242.83,Супермаркеты
2026-02-01 19:00:00,TX_000763,781.18,АЗС
2026-02-01 20:00:00,TX_000764,117.05,Кафе
2026-02-01 21:00:00,TX_000765,521.86,АЗС
2026-02-01 22:00:00,TX_000766,818.71,Кафе
2026-02-01 23:00:00,TX_000767,1146.83,АЗС
2026-02-02 00:00:00,TX_000768,309.34,Транспорт
2026-02-02 01:00:00,TX_000769,960.9,Кафе
2026-02-02 02:00:00,TX_000770,158.62,АЗС
2026-02-02 03:00:00,TX_000771,1036.87,Супермаркеты
2026-02-02 04:00:00,TX_000772,168.19,Транспорт
2026-02-02 05:00:00,TX_000773,353.16,Транспорт
2026-02-02 06:00:00,TX_000774,898.0,Супермаркеты
2026-02-02 07:00:00,TX_000775,181.21,АЗС
2026-02-02 08:00:00,TX_000776,230.2,Аптеки
2026-02-02 09:00:00,TX_000777,740.52,Супермаркеты
2026-02-02 10:00:00,TX_000778,736.55,АЗС
2026-02-02 11:00:00,TX_000779,612.42,Супермаркеты
2026-02-02 12:00:00,TX_000780,692.0,Супермаркеты
2026-02-02 13:00:00,TX_000781,491.23,Кафе
2026-02-02 14:00:00,TX_000782,245.04,АЗС
2026-02-02 15:00:00,TX_000783,312.09,Аптеки
2026-02-02 16:00:00,TX_000784,200.2,Кафе
2026-02-02 17:00:00,TX_000785,1295.44,Супермаркеты
2026-02-02 18:00:00,TX_000786,537.8,Супермаркеты
2026-02-02 19:00:00,TX_000787,356.12,Супермаркеты
2026-02-02 20:00:00,TX_000788,409.95,АЗС
2026-02-02 21:00:00,TX_000789,1571.41,АЗС
2026-02-02 22:00:00,TX_000790,183.23,Кафе
2026-02-02 23:00:00,TX_000791,541.22,Аптеки
2026-02-03 00:00:00,TX_000792,452.5,Кафе
2026-02-03 01:00:00,TX_000793,572.67,Транспорт
2026-02-03 02:00:00,TX_000794,109.14,Супермаркеты
2026-02-03 03:00:00,TX_000795,1128.35,Супермаркеты
2026-02-03 04:00:00,TX_000796,1444.99,Супермаркеты
2026-02-03 05:00:00,TX_000797,516.36,Кафе
2026-02-03 06:00:00,TX_000798,696.44,Кафе
2026-02-03 07:00:00,TX_000799,1378.73,Супермаркеты
2026-02-03 08:00:00,TX_000800,714.2,Кафе
2026-02-03 09:00:00,TX_000801,182.76,АЗС
2026-02-03 10:00:00,TX_000802,529.35,АЗС
2026-02-03 11:00:00,TX_000803,566.61,Кафе
2026-02-03 12:00:00,TX_000804,375.94,Супермаркеты
2026-02-03 13:00:00,TX_000805,766.75,Кафе
2026-02-03 14:00:00,TX_000806,1461.84,Кафе
2026-02-03 15:00:00,TX_000807,1398.94,Кафе
2026-02-03 16:00:00,TX_000808,399.68,Транспорт
2026-02-03 17:00:00,TX_000809,160.09,АЗС
2026-02-03 18:00:00,TX_000810,2194.59,Аптеки
2026-02-03 19:00:00,TX_000811,1012.86,Аптеки
2026-02-03 20:00:00,TX_000812,166.57,Транспорт
2026-02-03 21:00:00,TX_000813,1368.15,Кафе
2026-02-03 22:00:00,TX_000814,1119.71,Транспорт
2026-02-03 23:00:00,TX_000815,465.78,Транспорт
2026-02-04 00:00:00,TX_000816,547.36,Супермаркеты
2026-02-04 01:00:00,TX_000817,354.58,АЗС
2026-02-04 02:00:00,TX_000818,128.16,Аптеки
2026-02-04 03:00:00,TX_000819,304.13,Кафе
2026-02-04 04:00:00,TX_000820,911.9,Аптеки
2026-02-04 05:00:00,TX_000821,102.32,Аптеки
2026-02-04 06:00:00,TX_000822,302.86,АЗС
2026-02-04 07:00:00,TX_000823,353.89,Аптеки
2026-02-04 08:00:00,TX_000824,485.44,Аптеки
2026-02-04 09:00:00,TX_000825,1361.96,Транспорт
2026-02-04 10:00:00,TX_000826,312.59,АЗС
2026-02-04 11:00:00,TX_000827,313.05,Супермаркеты
2026-02-04 12:00:00,TX_000828,768.75,Кафе
2026-02-04 13:00:00,TX_000829,400.94,Аптеки
2026-02-04 14:00:00,TX_000830,227.19,Кафе
2026-02-04 15:00:00,TX_000831,401.14,Супермаркеты
2026-02-04 16:00:00,TX_000832,175.91,Кафе
2026-02-04 17:00:00,TX_000833,197.03,Супермаркеты
2026-02-04 18:00:00,TX_000834,444.94,Транспорт
2026-02-04 19:00:00,TX_000835,371.44,Аптеки
2026-02-04 20:00:00,TX_000836,1331.65,Супермаркеты
2026-02-04 21:00:00,TX_000837,325.02,Кафе
2026-02-04 22:00:00,TX_000838,534.45,Аптеки
2026-02-04 23:00:00,TX_000839,600.2,Транспорт
2026-02-05 00:00:00,TX_000840,106.59,Аптеки
2026-02-05 01:00:00,TX_000841,644.63,Супермаркеты
2026-02-05 02:00:00,TX_000842,198.03,Транспорт
2026-02-05 03:00:00,TX_000843,1723.0,Кафе
2026-02-05 04:00:00,TX_000844,180.47,Транспорт
2026-02-05 05:00:00,TX_000845,367.75,Транспорт
2026-02-05 06:00:00,TX_000846,144.61,АЗС
2026-02-05 07:00:00,TX_000847,2984.04,Транспорт
2026-02-05 08:00:00,TX_000848,448.77,Транспорт
2026-02-05 09:00:00,TX_000849,552.41,Аптеки
2026-02-05 10:00:00,TX_000850,134.72,Кафе
2026-02-05 11:00:00,TX_000851,793.07,Аптеки
2026-02-05 12:00:00,TX_000852,217.8,Аптеки
2026-02-05 13:00:00,TX_000853,1241.66,Супермаркеты
2026-02-05 14:00:00,TX_000854,214.79,Аптеки
2026-02-05 15:00:00,TX_000855,205.79,АЗС
2026-02-05 16:00:00,TX_000856,118.62,АЗС
2026-02-05 17:00:00,TX_000857,419.39,Супермаркеты
2026-02-05 18:00:00,TX_000858,516.02,Кафе
2026-02-05 19:00:00,TX_000859,133.98,Кафе
2026-02-05 20:00:00,TX_000860,847.0,Аптеки
2026-02-05 21:00:00,TX_000861,401.92,Аптеки
2026-02-05 22:00:00,TX_000862,471.58,Аптеки
2026-02-05 23:00:00,TX_000863,390.59,Кафе
2026-02-06 00:00:00,TX_000864,74188.89,Транспорт
2026-02-06 01:00:00,TX_000865,510.08,АЗС
2026-02-06 02:00:00,TX_000866,184.35,Транспорт
2026-02-06 03:00:00,TX_000867,200.4,Транспорт
2026-02-06 04:00:00,TX_000868,1089.47,Кафе
2026-02-06 05:00:00,TX_000869,1560.46,Транспорт
2026-02-06 06:00:00,TX_000870,333.65,Супермаркеты
2026-02-06 07:00:00,TX_000871,257.87,Аптеки
2026-02-06 08:00:00,TX_000872,616.41,Супермаркеты
2026-02-06 09:00:00,TX_000873,362.74,АЗС
2026-02-06 10:00:00,TX_000874,120938.3,Аптеки
2026-02-06 11:00:00,TX_000875,184.89,Транспорт
2026-02-06 12:00:00,TX_000876,729.34,АЗС
2026-02-06 13:00:00,TX_000877,637.82,Аптеки
2026-02-06 14:00:00,TX_000878,113.73,Транспорт
2026-02-06 15:00:00,TX_000879,225.5,Супермаркеты
2026-02-06 16:00:00,TX_000880,231.38,Аптеки
2026-02-06 17:00:00,TX_000881,657.21,Транспорт
2026-02-06 18:00:00,TX_000882,109.95,Супермаркеты
2026-02-06 19:00:00,TX_000883,141106.87,АЗС
2026-02-06 20:00:00,TX_000884,904.51,АЗС
2026-02-06 21:00:00,TX_000885,198.34,АЗС
2026-02-06 22:00:00,TX_000886,628.85,АЗС
2026-02-06 23:00:00,TX_000887,236.02,Кафе
2026-02-07 00:00:00,TX_000888,152.37,Аптеки
2026-02-07 01:00:00,TX_000889,239.31,Аптеки
2026-02-07 02:00:00,TX_000890,740.55,Кафе
2026-02-07 03:00:00,TX_000891,1067.92,Транспорт
2026-02-07 04:00:00,TX_000892,986.63,Транспорт
2026-02-07 05:00:00,TX_000893,353.07,АЗС
2026-02-07 06:00:00,TX_000894,651.44,Супермаркеты
2026-02-07 07:00:00,TX_000895,214.7,Транспорт
2026-02-07 08:00:00,TX_000896,273.47,Супермаркеты
2026-02-07 09:00:00,TX_000897,1233.3,Аптеки
2026-02-07 10:00:00,TX_000898,106.54,Супермаркеты
2026-02-07 11:00:00,TX_000899,144.69,Аптеки
2026-02-07 12:00:00,TX_000900,216.53,Кафе
2026-02-07 13:00:00,TX_000901,113.45,Кафе
2026-02-07 14:00:00,TX_000902,200.1,АЗС
2026-02-07 15:00:00,TX_000903,537.38,Транспорт
2026-02-07 16:00:00,TX_000904,373.59,АЗС
2026-02-07 17:00:00,TX_000905,1215.93,Аптеки
2026-02-07 18:00:00,TX_000906,950.35,АЗС
2026-02-07 19:00:00,TX_000907,309.14,Супермаркеты
2026-02-07 20:00:00,TX_000908,250.16,Аптеки
2026-02-07 21:00:00,TX_000909,338.77,Кафе
2026-02-07 22:00:00,TX_000910,546.16,Транспорт
2026-02-07 23:00:00,TX_000911,256.03,Аптеки
2026-02-08 00:00:00,TX_000912,589.28,Аптеки
2026-02-08 01:00:00,TX_000913,363.32,Супермаркеты
2026-02-08 02:00:00,TX_000914,501.53,Транспорт
2026-02-08 03:00:00,TX_000915,386.46,Кафе
2026-02-08 04:00:00,TX_000916,274.4,Аптеки
2026-02-08 05:00:00,TX_000917,1582.63,Аптеки
2026-02-08 06:00:00,TX_000918,821.13,Супермаркеты
2026-02-08 07:00:00,TX_000919,175.48,АЗС
2026-02-08 08:00:00,TX_000920,1114.25,Кафе
2026-02-08 09:00:00,TX_000921,434.16,Транспорт
2026-02-08 10:00:00,TX_000922,1224.77,Аптеки
2026-02-08 11:00:00,TX_000923,904.36,Аптеки
2026-02-08 12:00:00,TX_000924,376.88,Кафе
2026-02-08 13:00:00,TX_000925,111.36,АЗС
2026-02-08 14:00:00,TX_000926,256.45,Аптеки
2026-02-08 15:00:00,TX_000927,490.04,Кафе
2026-02-08 16:00:00,TX_000928,601.85,Супермаркеты
2026-02-08 17:00:00,TX_000929,249.13,АЗС
2026-02-08 18:00:00,TX_000930,175.04,Транспорт
2026-02-08 19:00:00,TX_000931,1000.69,Аптеки
2026-02-08 20:00:00,TX_000932,2180.31,Кафе
2026-02-08 21:00:00,TX_000933,472.95,Супермаркеты
2026-02-08 22:00:00,TX_000934,194.18,Транспорт
2026-02-08 23:00:00,TX_000935,258.94,Кафе
2026-02-09 00:00:00,TX_000936,109.28,Кафе
2026-02-09 01:00:00,TX_000937,1328.44,Транспорт
2026-02-09 02:00:00,TX_000938,162.64,Супермаркеты
2026-02-09 03:00:00,TX_000939,529.62,Супермаркеты
2026-02-09 04:00:00,TX_000940,260.14,АЗС
2026-02-09 05:00:00,TX_000941,503.92,Аптеки
2026-02-09 06:00:00,TX_000942,626.94,Транспорт
2026-02-09 07:00:00,TX_000943,985.22,Транспорт
2026-02-09 08:00:00,TX_000944,215.6,Транспорт
2026-02-09 09:00:00,TX_000945,105.53,Супермаркеты
2026-02-09 10:00:00,TX_000946,173.6,Аптеки
2026-02-09 11:00:00,TX_000947,1251.39,АЗС
2026-02-09 12:00:00,TX_000948,1135.3,Кафе
2026-02-09 13:00:00,TX_000949,554.92,Кафе
2026-02-09 14:00:00,TX_000950,558.79,Транспорт
2026-02-09 15:00:00,TX_000951,646.87,Аптеки
2026-02-09 16:00:00,TX_000952,196.41,Супермаркеты
2026-02-09 17:00:00,TX_000953,1329.1,Аптеки
2026-02-09 18:00:00,TX_000954,371.3,Аптеки
2026-02-09 19:00:00,TX_000955,341.56,Супермаркеты
2026-02-09 20:00:00,TX_000956,465.86,Транспорт
2026-02-09 21:00:00,TX_000957,124.05,Аптеки
2026-02-09 22:00:00,TX_000958,190.93,Кафе
2026-02-09 23:00:00,TX_000959,769.77,Супермаркеты
2026-02-10 00:00:00,TX_000960,143.21,АЗС
2026-02-10 01:00:00,TX_000961,562.1,Транспорт
2026-02-10 02:00:00,TX_000962,240.75,Супермаркеты
2026-02-10 03:00:00,TX_000963,346.57,АЗС
2026-02-10 04:00:00,TX_000964,270.33,АЗС
2026-02-10 05:00:00,TX_000965,319.77,Аптеки
2026-02-10 06:00:00,TX_000966,734.78,Аптеки
2026-02-10 07:00:00,TX_000967,276.29,Аптеки
2026-02-10 08:00:00,TX_000968,517.82,Супермаркеты
2026-02-10 09:00:00,TX_000969,423.18,Супермаркеты
2026-02-10 10:00:00,TX_000970,644.83,Транспорт
2026-02-10 11:00:00,TX_000971,1480.96,Аптеки
2026-02-10 12:00:00,TX_000972,759.45,АЗС
2026-02-10 13:00:00,TX_000973,221.0,Кафе
2026-02-10 14:00:00,TX_000974,115.84,Транспорт
2026-02-10 15:00:00,TX_000975,252.08,Супермаркеты
2026-02-10 16:00:00,TX_000976,552.03,Транспорт
2026-02-10 17:00:00,TX_000977,126.4,Транспорт
2026-02-10 18:00:00,TX_000978,442.95,Транспорт
2026-02-10 19:00:00,TX_000979,554.21,Транспорт
2026-02-10 20:00:00,TX_000980,303.42,Кафе
2026-02-10 21:00:00,TX_000981,836.82,Аптеки
2026-02-10 22:00:00,TX_000982,156.36,АЗС
2026-02-10 23:00:00,TX_000983,139.06,Транспорт
2026-02-11 00:00:00,TX_000984,751.32,Транспорт
2026-02-11 01:00:00,TX_000985,442.09,Транспорт
2026-02-11 02:00:00,TX_000986,683.02,Аптеки
2026-02-11 03:00:00,TX_000987,385.31,Супермаркеты
2026-02-11 04:00:00,TX_000988,241.45,Супермаркеты
2026-02-11 05:00:00,TX_000989,954.91,Кафе
2026-02-11 06:00:00,TX_000990,903.26,Супермаркеты
2026-02-11 07:00:00,TX_000991,693.22,Транспорт
2026-02-11 08:00:00,TX_000992,258.83,Транспорт
2026-02-11 09:00:00,TX_000993,546.08,Транспорт
2026-02-11 10:00:00,TX_000994,323.9,Кафе
2026-02-11 11:00:00,TX_000995,148.03,Транспорт
2026-02-11 12:00:00,TX_000996,1346.35,Супермаркеты
2026-02-11 13:00:00,TX_000997,173.57,Аптеки
2026-02-11 14:00:00,TX_000998,1600.25,Аптеки
2026-02-11 15:00:00,TX_000999,395.3,АЗС
2026-02-11 16:00:00,TX_001000,202.37,Супермаркеты
2026-02-11 17:00:00,TX_001001,490.33,Транспорт
2026-02-11 18:00:00,TX_001002,1131.57,Аптеки
2026-02-11 19:00:00,TX_001003,758.8,Супермаркеты
2026-02-11 20:00:00,TX_001004,921.4,Аптеки
2026-02-11 21:00:00,TX_001005,637.62,Транспорт
2026-02-11 22:00:00,TX_001006,689.28,Аптеки
2026-02-11 23:00:00,TX_001007,1045.89,АЗС
2026-02-12 00:00:00,TX_001008,243.62,АЗС
2026-02-12 01:00:00,TX_001009,436.11,Аптеки
2026-02-12 02:00:00,TX_001010,225.01,Супермаркеты
2026-02-12 03:00:00,TX_001011,2297.78,Супермаркеты
2026-02-12 04:00:00,TX_001012,1541.73,Супермаркеты
2026-02-12 05:00:00,TX_001013,120.11,Аптеки
2026-02-12 06:00:00,TX_001014,711.37,Супермаркеты
2026-02-12 07:00:00,TX_001015,1396.79,Транспорт
2026-02-12 08:00:00,TX_001016,199.58,АЗС
2026-02-12 09:00:00,TX_001017,519.6,Транспорт
2026-02-12 10:00:00,TX_001018,1335.43,Супермаркеты
2026-02-12 11:00:00,TX_001019,117.27,Транспорт
2026-02-12 12:00:00,TX_001020,697.71,Супермаркеты
2026-02-12 13:00:00,TX_001021,276.45,Аптеки
2026-02-12 14:00:00,TX_001022,1391.12,Транспорт
2026-02-12 15:00:00,TX_001023,1871.23,Аптеки
2026-02-12 16:00:00,TX_001024,1543.59,Аптеки
2026-02-12 17:00:00,TX_001025,421.43,Кафе
2026-02-12 18:00:00,TX_001026,1090.41,Супермаркеты
2026-02-12 19:00:00,TX_001027,1030.71,АЗС
2026-02-12 20:00:00,TX_001028,292.17,Супермаркеты
2026-02-12 21:00:00,TX_001029,982.8,АЗС
2026-02-12 22:00:00,TX_001030,118.85,Супермаркеты
2026-02-12 23:00:00,TX_001031,553.5,Аптеки
2026-02-13 00:00:00,TX_001032,230.69,Транспорт
2026-02-13 01:00:00,TX_001033,164.24,Транспорт
2026-02-13 02:00:00,TX_001034,140.04,Кафе
2026-02-13 03:00:00,TX_001035,695.84,АЗС
2026-02-13 04:00:00,TX_001036,307.66,АЗС
2026-02-13 05:00:00,TX_001037,745.07,АЗС
2026-02-13 06:00:00,TX_001038,133.79,Аптеки
2026-02-13 07:00:00,TX_001039,289.38,АЗС
2026-02-13 08:00:00,TX_001040,487.71,Транспорт
2026-02-13 09:00:00,TX_001041,882.05,Аптеки
2026-02-13 10:00:00,TX_001042,291.91,Супермаркеты
2026-02-13 11:00:00,TX_001043,591.6,АЗС
2026-02-13 12:00:00,TX_001044,1185.68,АЗС
2026-02-13 13:00:00,TX_001045,578.38,Супермаркеты
2026-02-13 14:00:00,TX_001046,232.61,АЗС
2026-02-13 15:00:00,TX_001047,112.35,Супермаркеты
2026-02-13 16:00:00,TX_001048,1120.49,Аптеки
2026-02-13 17:00:00,TX_001049,110.75,Транспорт
2026-02-13 18:00:00,TX_001050,1138.53,Супермаркеты
2026-02-13 19:00:00,TX_001051,476.38,Кафе
2026-02-13 20:00:00,TX_001052,1499.0,Супермаркеты
2026-02-13 21:00:00,TX_001053,901.69,АЗС
2026-02-13 22:00:00,TX_001054,3191.1,Аптеки
2026-02-13 23:00:00,TX_001055,315.94,Аптеки
2026-02-14 00:00:00,TX_001056,828.76,Супермаркеты
2026-02-14 01:00:00,TX_001057,357.02,Транспорт
2026-02-14 02:00:00,TX_001058,426.84,Кафе
2026-02-14 03:00:00,TX_001059,593.77,Аптеки
2026-02-14 04:00:00,TX_001060,1134.46,АЗС
2026-02-14 05:00:00,TX_001061,2170.2,АЗС
2026-02-14 06:00:00,TX_001062,831.1,Транспорт
2026-02-14 07:00:00,TX_001063,370.44,Аптеки
2026-02-14 08:00:00,TX_001064,373.53,Супермаркеты
2026-02-14 09:00:00,TX_001065,768.91,АЗС
2026-02-14 10:00:00,TX_001066,236.41,Транспорт
2026-02-14 11:00:00,TX_001067,158.53,Аптеки
2026-02-14 12:00:00,TX_001068,318.96,Аптеки
2026-02-14 13:00:00,TX_001069,269.3,Аптеки
2026-02-14 14:00:00,TX_001070,275.71,Аптеки
2026-02-14 15:00:00,TX_001071,233.03,Аптеки
2026-02-14 16:00:00,TX_001072,121.5,АЗС
2026-02-14 17:00:00,TX_001073,109.02,Транспорт
2026-02-14 18:00:00,TX_001074,2299.99,Аптеки
2026-02-14 19:00:00,TX_001075,379.11,Кафе
2026-02-14 20:00:00,TX_001076,342.52,Кафе
2026-02-14 21:00:00,TX_001077,669.17,Транспорт
2026-02-14 22:00:00,TX_001078,223.11,Супермаркеты
2026-02-14 23:00:00,TX_001079,1597.48,Супермаркеты
2026-02-15 00:00:00,TX_001080,871.7,Супермаркеты
2026-02-15 01:00:00,TX_001081,146.83,Кафе
2026-02-15 02:00:00,TX_001082,370.28,Супермаркеты
2026-02-15 03:00:00,TX_001083,1156.47,АЗС
2026-02-15 04:00:00,TX_001084,1547.78,Аптеки
2026-02-15 05:00:00,TX_001085,414.99,Кафе
2026-02-15 06:00:00,TX_001086,575.2,Транспорт
2026-02-15 07:00:00,TX_001087,191.38,Транспорт
2026-02-15 08:00:00,TX_001088,2464.72,Аптеки
2026-02-15 09:00:00,TX_001089,231.77,Кафе
2026-02-15 10:00:00,TX_001090,1530.0,Супермаркеты
2026-02-15 11:00:00,TX_001091,624.41,Супермаркеты
2026-02-15 12:00:00,TX_001092,567.91,АЗС
2026-02-15 13:00:00,TX_001093,459.43,АЗС
2026-02-15 14:00:00,TX_001094,231.12,Супермаркеты
2026-02-15 15:00:00,TX_001095,197.11,Транспорт
2026-02-15 16:00:00,TX_001096,224.54,Транспорт
2026-02-15 17:00:00,TX_001097,203.17,АЗС
2026-02-15 18:00:00,TX_001098,856.12,Аптеки
2026-02-15 19:00:00,TX_001099,315.49,Супермаркеты
2026-02-15 20:00:00,TX_001100,129.79,АЗС
2026-02-15 21:00:00,TX_001101,1838.54,АЗС
2026-02-15 22:00:00,TX_001102,1176.16,Супермаркеты
2026-02-15 23:00:00,TX_001103,1413.83,Супермаркеты
2026-02-16 00:00:00,TX_001104,2740.02,Транспорт
2026-02-16 01:00:00,TX_001105,195.52,Аптеки
2026-02-16 02:00:00,TX_001106,352.29,Аптеки
2026-02-16 03:00:00,TX_001107,809.9,Супермаркеты
2026-02-16 04:00:00,TX_001108,695.4,Кафе
2026-02-16 05:00:00,TX_001109,183.56,АЗС
2026-02-16 06:00:00,TX_001110,945.96,АЗС
2026-02-16 07:00:00,TX_001111,227.09,Супермаркеты
2026-02-16 08:00:00,TX_001112,226.68,Кафе
2026-02-16 09:00:00,TX_001113,484.99,Транспорт
2026-02-16 10:00:00,TX_001114,549.4,Супермаркеты
2026-02-16 11:00:00,TX_001115,533.85,Супермаркеты
2026-02-16 12:00:00,TX_001116,147.97,АЗС
2026-02-16 13:00:00,TX_001117,1149.66,Супермаркеты
2026-02-16 14:00:00,TX_001118,254.35,Супермаркеты
2026-02-16 15:00:00,TX_001119,169.35,Супермаркеты
2026-02-16 16:00:00,TX_001120,1197.98,АЗС
2026-02-16 17:00:00,TX_001121,1657.84,Транспорт
2026-02-16 18:00:00,TX_001122,1090.71,Транспорт
2026-02-16 19:00:00,TX_001123,929.09,Супермаркеты
2026-02-16 20:00:00,TX_001124,632.46,АЗС
2026-02-16 21:00:00,TX_001125,500.21,Транспорт
2026-02-16 22:00:00,TX_001126,145.5,Транспорт
2026-02-16 23:00:00,TX_001127,362.51,Транспорт
2026-02-17 00:00:00,TX_001128,333.16,АЗС
2026-02-17 01:00:00,TX_001129,250.39,АЗС
2026-02-17 02:00:00,TX_001130,742.63,Супермаркеты
2026-02-17 03:00:00,TX_001131,442.47,Аптеки
2026-02-17 04:00:00,TX_001132,142.26,Транспорт
2026-02-17 05:00:00,TX_001133,224.35,Аптеки
2026-02-17 06:00:00,TX_001134,674.84,АЗС
2026-02-17 07:00:00,TX_001135,139.59,АЗС
2026-02-17 08:00:00,TX_001136,1052.6,АЗС
2026-02-17 09:00:00,TX_001137,441.74,Аптеки
2026-02-17 10:00:00,TX_001138,427.53,АЗС
2026-02-17 11:00:00,TX_001139,548.74,Супермаркеты
2026-02-17 12:00:00,TX_001140,970.57,АЗС
2026-02-17 13:00:00,TX_001141,313.71,Кафе
2026-02-17 14:00:00,TX_001142,666.63,Аптеки
2026-02-17 15:00:00,TX_001143,517.05,Кафе
2026-02-17 16:00:00,TX_001144,255.32,АЗС
2026-02-17 17:00:00,TX_001145,1154.46,Супермаркеты
2026-02-17 18:00:00,TX_001146,898.33,Транспорт
2026-02-17 19:00:00,TX_001147,637.13,АЗС
2026-02-17 20:00:00,TX_001148,1050.5,Супермаркеты
2026-02-17 21:00:00,TX_001149,1109.81,Аптеки
2026-02-17 22:00:00,TX_001150,716.12,Кафе
2026-02-17 23:00:00,TX_001151,1007.04,Кафе
2026-02-18 00:00:00,TX_001152,697.79,Кафе
2026-02-18 01:00:00,TX_001153,669.94,Аптеки
2026-02-18 02:00:00,TX_001154,581.97,Супермаркеты
2026-02-18 03:00:00,TX_001155,798.61,Аптеки
2026-02-18 04:00:00,TX_001156,186.35,Кафе
2026-02-18 05:00:00,TX_001157,1163.77,АЗС
2026-02-18 06:00:00,TX_001158,1127.25,Транспорт
2026-02-18 07:00:00,TX_001159,114.84,Аптеки
2026-02-18 08:00:00,TX_001160,973.82,Аптеки
2026-02-18 09:00:00,TX_001161,168.98,Супермаркеты
2026-02-18 10:00:00,TX_001162,304.07,Супермаркеты
2026-02-18 11:00:00,TX_001163,780.33,Аптеки
2026-02-18 12:00:00,TX_001164,187.63,Кафе
2026-02-18 13:00:00,TX_001165,951.78,Транспорт
2026-02-18 14:00:00,TX_001166,992.3,Супермаркеты
2026-02-18 15:00:00,TX_001167,454.1,Кафе
2026-02-18 16:00:00,TX_001168,103.2,АЗС
2026-02-18 17:00:00,TX_001169,269.16,Супермаркеты
2026-02-18 18:00:00,TX_001170,579.76,Кафе
2026-02-18 19:00:00,TX_001171,2086.58,Кафе
2026-02-18 20:00:00,TX_001172,599.58,Транспорт
2026-02-18 21:00:00,TX_001173,250.42,Транспорт
2026-02-18 22:00:00,TX_001174,602.57,АЗС
2026-02-18 23:00:00,TX_001175,488.25,Кафе
2026-02-19 00:00:00,TX_001176,856.71,Кафе
2026-02-19 01:00:00,TX_001177,156.57,Транспорт
2026-02-19 02:00:00,TX_001178,815.7,Супермаркеты
2026-02-19 03:00:00,TX_001179,489.64,Супермаркеты
2026-02-19 04:00:00,TX_001180,1748.31,Аптеки
2026-02-19 05:00:00,TX_001181,309.18,Транспорт
2026-02-19 06:00:00,TX_001182,600.68,Аптеки
2026-02-19 07:00:00,TX_001183,1444.33,Транспорт
2026-02-19 08:00:00,TX_001184,154.08,АЗС
2026-02-19 09:00:00,TX_001185,1484.13,Кафе
2026-02-19 10:00:00,TX_001186,682.19,АЗС
2026-02-19 11:00:00,TX_001187,135.12,Транспорт
2026-02-19 12:00:00,TX_001188,279.03,Кафе
2026-02-19 13:00:00,TX_001189,715.8,Супермаркеты
2026-02-19 14:00:00,TX_001190,134.86,Супермаркеты
2026-02-19 15:00:00,TX_001191,536.34,Аптеки
2026-02-19 16:00:00,TX_001192,312.23,Транспорт
2026-02-19 17:00:00,TX_001193,585.0,Транспорт
2026-02-19 18:00:00,TX_001194,123.41,Супермаркеты
2026-02-19 19:00:00,TX_001195,1126.06,АЗС
2026-02-19 20:00:00,TX_001196,1915.1,Кафе
2026-02-19 21:00:00,TX_001197,1834.92,АЗС
2026-02-19 22:00:00,TX_001198,792.45,АЗС
2026-02-19 23:00:00,TX_001199,169.68,Супермаркеты
2026-02-20 00:00:00,TX_001200,809.95,Супермаркеты
2026-02-20 01:00:00,TX_001201,112.45,Супермаркеты
2026-02-20 02:00:00,TX_001202,111.19,Аптеки
2026-02-20 03:00:00,TX_001203,295.49,АЗС
2026-02-20 04:00:00,TX_001204,435.34,Транспорт
2026-02-20 05:00:00,TX_001205,835.72,Кафе
2026-02-20 06:00:00,TX_001206,674.89,Аптеки
2026-02-20 07:00:00,TX_001207,395.21,Транспорт
2026-02-20 08:00:00,TX_001208,259.85,АЗС
2026-02-20 09:00:00,TX_001209,3025.76,Супермаркеты
2026-02-20 10:00:00,TX_001210,377.72,АЗС
2026-02-20 11:00:00,TX_001211,400.18,Кафе
2026-02-20 12:00:00,TX_001212,189.34,Аптеки
2026-02-20 13:00:00,TX_001213,891.91,Аптеки
2026-02-20 14:00:00,TX_001214,691.57,Кафе
2026-02-20 15:00:00,TX_001215,224.72,Транспорт
2026-02-20 16:00:00,TX_001216,142.99,Транспорт
2026-02-20 17:00:00,TX_001217,670.5,Аптеки
2026-02-20 18:00:00,TX_001218,631.4,Аптеки
2026-02-20 19:00:00,TX_001219,259.59,Супермаркеты
2026-02-20 20:00:00,TX_001220,1606.58,Транспорт
2026-02-20 21:00:00,TX_001221,181.88,Кафе
2026-02-20 22:00:00,TX_001222,383.11,Транспорт
2026-02-20 23:00:00,TX_001223,1537.78,Супермаркеты
2026-02-21 00:00:00,TX_001224,372.13,Аптеки
2026-02-21 01:00:00,TX_001225,608.78,Аптеки
2026-02-21 02:00:00,TX_001226,353.41,Супермаркеты
2026-02-21 03:00:00,TX_001227,260.25,Кафе
2026-02-21 04:00:00,TX_001228,2166.89,Аптеки
2026-02-21 05:00:00,TX_001229,363.25,АЗС
2026-02-21 06:00:00,TX_001230,1222.63,Аптеки
2026-02-21 07:00:00,TX_001231,230.65,АЗС
2026-02-21 08:00:00,TX_001232,219.83,Супермаркеты
2026-02-21 09:00:00,TX_001233,115.81,Супермаркеты
2026-02-21 10:00:00,TX_001234,627.3,Аптеки
2026-02-21 11:00:00,TX_001235,329.85,Транспорт
2026-02-21 12:00:00,TX_001236,1098.87,АЗС
2026-02-21 13:00:00,TX_001237,420.48,Кафе
2026-02-21 14:00:00,TX_001238,1824.04,Аптеки
2026-02-21 15:00:00,TX_001239,202.61,Кафе
2026-02-21 16:00:00,TX_001240,1114.84,Аптеки
2026-02-21 17:00:00,TX_001241,849.39,Транспорт
2026-02-21 18:00:00,TX_001242,836.85,Транспорт
2026-02-21 19:00:00,TX_001243,1031.47,Транспорт
2026-02-21 20:00:00,TX_001244,815.7,Транспорт
2026-02-21 21:00:00,TX_001245,592.04,Супермаркеты
2026-02-21 22:00:00,TX_001246,170.35,Супермаркеты
2026-02-21 23:00:00,TX_001247,116.53,АЗС
2026-02-22 00:00:00,TX_001248,1368.19,Кафе
2026-02-22 01:00:00,TX_001249,579.4,Аптеки
2026-02-22 02:00:00,TX_001250,896.14,Аптеки
2026-02-22 03:00:00,TX_001251,428.43,Супермаркеты
2026-02-22 04:00:00,TX_001252,162.39,Аптеки
2026-02-22 05:00:00,TX_001253,166.87,Супермаркеты
2026-02-22 06:00:00,TX_001254,678.49,АЗС
2026-02-22 07:00:00,TX_001255,381.33,Кафе
2026-02-22 08:00:00,TX_001256,211.9,АЗС
2026-02-22 09:00:00,TX_001257,438.24,Транспорт
2026-02-22 10:00:00,TX_001258,133.18,Транспорт
2026-02-22 11:00:00,TX_001259,536.1,Транспорт
2026-02-22 12:00:00,TX_001260,256.67,АЗС
2026-02-22 13:00:00,TX_001261,898.65,Аптеки
2026-02-22 14:00:00,TX_001262,285.79,Кафе
2026-02-22 15:00:00,TX_001263,403.69,Транспорт
2026-02-22 16:00:00,TX_001264,105.84,Транспорт
2026-02-22 17:00:00,TX_001265,137.6,Транспорт
2026-02-22 18:00:00,TX_001266,349.2,Кафе
2026-02-22 19:00:00,TX_001267,426.9,Транспорт
2026-02-22 20:00:00,TX_001268,558.17,Кафе
2026-02-22 21:00:00,TX_001269,272.42,Транспорт
2026-02-22 22:00:00,TX_001270,693.69,АЗС
2026-02-22 23:00:00,TX_001271,1083.49,АЗС
2026-02-23 00:00:00,TX_001272,856.73,Кафе
2026-02-23 01:00:00,TX_001273,120.21,АЗС
2026-02-23 02:00:00,TX_001274,427.45,Кафе
2026-02-23 03:00:00,TX_001275,155.43,АЗС
2026-02-23 04:00:00,TX_001276,238.57,АЗС
2026-02-23 05:00:00,TX_001277,2258.59,Кафе
2026-02-23 06:00:00,TX_001278,176.86,Аптеки
2026-02-23 07:00:00,TX_001279,445.46,АЗС
2026-02-23 08:00:00,TX_001280,581.37,Транспорт
2026-02-23 09:00:00,TX_001281,706.11,Аптеки
2026-02-23 10:00:00,TX_001282,510.09,Кафе
2026-02-23 11:00:00,TX_001283,104.91,Аптеки
2026-02-23 12:00:00,TX_001284,297.6,Супермаркеты
2026-02-23 13:00:00,TX_001285,464.61,Супермаркеты
2026-02-23 14:00:00,TX_001286,145.98,АЗС
2026-02-23 15:00:00,TX_001287,315.87,АЗС
2026-02-23 16:00:00,TX_001288,116.88,Транспорт
2026-02-23 17:00:00,TX_001289,140.92,Аптеки
2026-02-23 18:00:00,TX_001290,352.86,Супермаркеты
2026-02-23 19:00:00,TX_001291,171.19,АЗС
2026-02-23 20:00:00,TX_001292,519.13,Аптеки
2026-02-23 21:00:00,TX_001293,684.73,АЗС
2026-02-23 22:00:00,TX_001294,906.19,АЗС
2026-02-23 23:00:00,TX_001295,211.67,Супермаркеты
2026-02-24 00:00:00,TX_001296,191.65,Супермаркеты
2026-02-24 01:00:00,TX_001297,155.22,АЗС
2026-02-24 02:00:00,TX_001298,605.89,Кафе
2026-02-24 03:00:00,TX_001299,712.9,АЗС
2026-02-24 04:00:00,TX_001300,116.05,АЗС
2026-02-24 05:00:00,TX_001301,1476.1,Транспорт
2026-02-24 06:00:00,TX_001302,126.69,Транспорт
2026-02-24 07:00:00,TX_001303,489.68,Транспорт
2026-02-24 08:00:00,TX_001304,717.32,Кафе
2026-02-24 09:00:00,TX_001305,1123.85,Кафе
2026-02-24 10:00:00,TX_001306,726.03,АЗС
2026-02-24 11:00:00,TX_001307,909.06,Транспорт
2026-02-24 12:00:00,TX_001308,307.34,Кафе
2026-02-24 13:00:00,TX_001309,943.23,Супермаркеты
2026-02-24 14:00:00,TX_001310,141.75,АЗС
2026-02-24 15:00:00,TX_001311,1226.03,Аптеки
2026-02-24 16:00:00,TX_001312,496.59,АЗС
2026-02-24 17:00:00,TX_001313,949.95,Аптеки
2026-02-24 18:00:00,TX_001314,401.03,Транспорт
2026-02-24 19:00:00,TX_001315,615.82,Аптеки
2026-02-24 20:00:00,TX_001316,473.7,Транспорт
2026-02-24 21:00:00,TX_001317,757.62,Супермаркеты
2026-02-24 22:00:00,TX_001318,142.58,Аптеки
2026-02-24 23:00:00,TX_001319,131.13,АЗС
2026-02-25 00:00:00,TX_001320,241.91,Транспорт
2026-02-25 01:00:00,TX_001321,186.91,АЗС
2026-02-25 02:00:00,TX_001322,1127.02,Кафе
2026-02-25 03:00:00,TX_001323,223.73,Транспорт
2026-02-25 04:00:00,TX_001324,1962.05,Аптеки
2026-02-25 05:00:00,TX_001325,305.41,Транспорт
2026-02-25 06:00:00,TX_001326,200.52,АЗС
2026-02-25 07:00:00,TX_001327,879.61,Супермаркеты
2026-02-25 08:00:00,TX_001328,637.51,Транспорт
2026-02-25 09:00:00,TX_001329,444.77,Аптеки
2026-02-25 10:00:00,TX_001330,505.25,Кафе
2026-02-25 11:00:00,TX_001331,735.06,Супермаркеты
2026-02-25 12:00:00,TX_001332,229.68,Кафе
2026-02-25 13:00:00,TX_001333,2904.32,Транспорт
2026-02-25 14:00:00,TX_001334,1940.32,АЗС
2026-02-25 15:00:00,TX_001335,625.38,АЗС
2026-02-25 16:00:00,TX_001336,211.29,Аптеки
2026-02-25 17:00:00,TX_001337,670.07,АЗС
2026-02-25 18:00:00,TX_001338,137.47,Супермаркеты
2026-02-25 19:00:00,TX_001339,115.57,АЗС
2026-02-25 20:00:00,TX_001340,248.99,Аптеки
2026-02-25 21:00:00,TX_001341,410.53,Транспорт
2026-02-25 22:00:00,TX_001342,1113.51,Транспорт
2026-02-25 23:00:00,TX_001343,749.45,АЗС
2026-02-26 00:00:00,TX_001344,778.77,Кафе
2026-02-26 01:00:00,TX_001345,377.12,Транспорт
2026-02-26 02:00:00,TX_001346,312.27,АЗС
2026-02-26 03:00:00,TX_001347,331.84,Аптеки
2026-02-26 04:00:00,TX_001348,2297.03,АЗС
2026-02-26 05:00:00,TX_001349,120.47,Транспорт
2026-02-26 06:00:00,TX_001350,1108.82,Аптеки
2026-02-26 07:00:00,TX_001351,532.18,АЗС
2026-02-26 08:00:00,TX_001352,388.67,Супермаркеты
2026-02-26 09:00:00,TX_001353,745.96,Аптеки
2026-02-26 10:00:00,TX_001354,433.42,Супермаркеты
2026-02-26 11:00:00,TX_001355,1133.45,Кафе
2026-02-26 12:00:00,TX_001356,1254.81,Аптеки
2026-02-26 13:00:00,TX_001357,373.85,Супермаркеты
2026-02-26 14:00:00,TX_001358,262.05,Транспорт
2026-02-26 15:00:00,TX_001359,548.67,Транспорт
2026-02-26 16:00:00,TX_001360,1317.28,Кафе
2026-02-26 17:00:00,TX_001361,218.28,Аптеки
2026-02-26 18:00:00,TX_001362,587.71,Аптеки
2026-02-26 19:00:00,TX_001363,599.24,Аптеки
2026-02-26 20:00:00,TX_001364,760.47,Кафе
2026-02-26 21:00:00,TX_001365,170.53,Аптеки
2026-02-26 22:00:00,TX_001366,729.08,Транспорт
2026-02-26 23:00:00,TX_001367,1298.63,Супермаркеты
2026-02-27 00:00:00,TX_001368,199.03,Транспорт
2026-02-27 01:00:00,TX_001369,235.6,Транспорт
2026-02-27 02:00:00,TX_001370,1877.09,Супермаркеты
2026-02-27 03:00:00,TX_001371,123620.04,Транспорт
2026-02-27 04:00:00,TX_001372,1063.39,Кафе
2026-02-27 05:00:00,TX_001373,438.91,Супермаркеты
2026-02-27 06:00:00,TX_001374,242.0,Транспорт
2026-02-27 07:00:00,TX_001375,1123.0,АЗС
2026-02-27 08:00:00,TX_001376,394.67,Транспорт
2026-02-27 09:00:00,TX_001377,461.61,Кафе
2026-02-27 10:00:00,TX_001378,322.54,Аптеки
2026-02-27 11:00:00,TX_001379,549.41,Транспорт
2026-02-27 12:00:00,TX_001380,189.28,Аптеки
2026-02-27 13:00:00,TX_001381,348.04,АЗС
2026-02-27 14:00:00,TX_001382,1843.58,Транспорт
2026-02-27 15:00:00,TX_001383,249.29,Супермаркеты
2026-02-27 16:00:00,TX_001384,83024.28,Аптеки
2026-02-27 17:00:00,TX_001385,296.66,АЗС
2026-02-27 18:00:00,TX_001386,842.45,Супермаркеты
2026-02-27 19:00:00,TX_001387,140606.59,Супермаркеты
2026-02-27 20:00:00,TX_001388,1850.31,Супермаркеты
2026-02-27 21:00:00,TX_001389,59986.68,Супермаркеты
2026-02-27 22:00:00,TX_001390,234.63,Транспорт
2026-02-27 23:00:00,TX_001391,138.17,Транспорт
2026-02-28 00:00:00,TX_001392,193.02,Транспорт
2026-02-28 01:00:00,TX_001393,466.75,АЗС
2026-02-28 02:00:00,TX_001394,305.49,АЗС
2026-02-28 03:00:00,TX_001395,982.7,АЗС
2026-02-28 04:00:00,TX_001396,381.84,Кафе
2026-02-28 05:00:00,TX_001397,242.98,АЗС
2026-02-28 06:00:00,TX_001398,580.05,Транспорт
2026-02-28 07:00:00,TX_001399,713.41,Транспорт
2026-02-28 08:00:00,TX_001400,191.39,Кафе
2026-02-28 09:00:00,TX_001401,191.73,Кафе
2026-02-28 10:00:00,TX_001402,118.68,АЗС
2026-02-28 11:00:00,TX_001403,766.67,Аптеки
2026-02-28 12:00:00,TX_001404,645.03,Кафе
2026-02-28 13:00:00,TX_001405,421.83,Супермаркеты
2026-02-28 14:00:00,TX_001406,1029.5,Транспорт
2026-02-28 15:00:00,TX_001407,919.1,Супермаркеты
2026-02-28 16:00:00,TX_001408,540.17,Транспорт
2026-02-28 17:00:00,TX_001409,1113.51,Транспорт
2026-02-28 18:00:00,TX_001410,215.24,Кафе
2026-02-28 19:00:00,TX_001411,159.35,Кафе
2026-02-28 20:00:00,TX_001412,257.18,Супермаркеты
2026-02-28 21:00:00,TX_001413,129.39,Транспорт
2026-02-28 22:00:00,TX_001414,478.76,Супермаркеты
2026-02-28 23:00:00,TX_001415,1479.19,Аптеки
2026-03-01 00:00:00,TX_001416,120.07,Супермаркеты
